{"cameraMode":{"drawMode":0,"name":"Shaded","section":"Shading Mode"},"sceneLighting":false,"audioPlay":false,"sceneViewState":{"showFog":true,"showMaterialUpdate":false,"showSkybox":true,"showFlares":true,"showImageEffects":true,"showParticleSystems":true},"in2DMode":false,"pivot":{"x":5.850058078765869,"y":0.34999990463256838,"z":-2.1666760444641115},"rotation":{"x":-0.29657086730003359,"y":-0.43472063541412356,"z":0.15417298674583436,"w":-0.8362383246421814},"size":26.258899688720704,"orthographic":false}